<KMS><Keys><KeyRecord><KeyID>101</KeyID><CategoryID>102</CategoryID><ParentKeyID>1</ParentKeyID><KeyBytes>30ED1C8C6F7F1A86C414D20B219507BECFDA796F1BBACF8B1904C12E11C2224B</KeyBytes><IVBytes>B692CF1E45C11CC9C496E4191C1BAF4AF9ADEAF253D1707C2F6258C48F41768D</IVBytes><CheckValue>EF2F1E711B5EFCC6529C7CB6B12707FC7D3635F5BE57E9FD73E3F11854B016C28DCF07DE2E3F6EE0872D9F970A47FB85E7057A75D5A67386AF638F72978A4194</CheckValue><CreationDate>2017-01-06</CreationDate></KeyRecord><KeyRecord><KeyID>102</KeyID><CategoryID>102</CategoryID><ParentKeyID>101</ParentKeyID><KeyBytes>7061C38DA36952F87BB1873522CE0874096E00399C5BB6094ECF7B84704D245B</KeyBytes><IVBytes>0D0F8398AFD1B2F78629DAB75E5D1F6FC0ACCDEBEFFD4D8DE88FD93BA5E0AD24</IVBytes><CheckValue>986021DC361F305B25DED548BA4251EF41A67A87718E534A94E30CB143CCAFF1CBC8687098FE687A9FDEC3896AB0D9FCF6DDBEB46676F7EAF4BD8BEEA2660192</CheckValue><CreationDate>2017-01-06</CreationDate></KeyRecord><KeyRecord><KeyID>103</KeyID><CategoryID>103</CategoryID><ParentKeyID>1</ParentKeyID><KeyBytes>85CD49A3F70B024EC5E0AC383F424CAB5B71B7521BD31A9478BD6A3D03052DC5</KeyBytes><IVBytes>C4184A6CF3F79001C3C3564DE166F469D67813D7B63EC15526ECEE149DDA1571</IVBytes><CheckValue>BE097DC69749108C2C2832DAD21D57F416D3B2F1063581DBC6C158BC4158B2F8E2F5E9B2526EF60D713AAD08D6059A9F3D5AEE2B25E9167103CDAC996AED1397</CheckValue><CreationDate>2017-01-06</CreationDate></KeyRecord><KeyRecord><KeyID>104</KeyID><CategoryID>103</CategoryID><ParentKeyID>103</ParentKeyID><KeyBytes>E9A5C3868A875426E90DA3404761E4A3682923E818C3ADBE667383F750FEA83D</KeyBytes><IVBytes>DC7E7483C6827FDE304B1577941060C3E0DC0439C3F40E0D4EE3B8F9775EDD15</IVBytes><CheckValue>0BBAA9C58C1B9378D7390FF641B8FCD479255EB9DC7C66DD792A3BDABB5BCB937E24D9488D01ABB4BE18A41EF684A8FA45735ADCDA8A9BBE0CF0BEEC223755FC</CheckValue><CreationDate>2017-01-06</CreationDate></KeyRecord><KeyRecord><KeyID>105</KeyID><CategoryID>104</CategoryID><ParentKeyID>1</ParentKeyID><KeyBytes>665EF28D32C1368B1D6D31175463931A3B7F447238958BF99D7A380FCDCFAC21</KeyBytes><IVBytes>547D4D4CB308928E9A5178ED5E0E0FD50ACC9D5CB8AB39258C971B4F50DD2476</IVBytes><CheckValue>BC5D5A2AADD284F7606F6924D14A4519C89D1C112071206F7C8A41D47E8831432026ED53BF7D08A6C83B684D96D7A0068CE438256FE3208B211C23DF57565A48</CheckValue><CreationDate>2017-01-06</CreationDate></KeyRecord><KeyRecord><KeyID>106</KeyID><CategoryID>104</CategoryID><ParentKeyID>105</ParentKeyID><KeyBytes>8AA027D55D8A60EE1E84E79B4C5FB82A21D7584B7873A3FFA849D68E8F0E6FDB</KeyBytes><IVBytes>F62200BADA8F42F39E60B0D7A694746105CF0B2A0E6473D0EB1836B5EABD49E6</IVBytes><CheckValue>EE26A12CB21A1105DE659F26FF09A3422E2CBC40F616F9A9EDB1E132D00A70F87E5BC158EDC361E18AC2C3CB4B40EB0F23E961A3F6043D86F5C8E02CA74F8E4A</CheckValue><CreationDate>2017-01-06</CreationDate></KeyRecord><KeyRecord><KeyID>107</KeyID><CategoryID>105</CategoryID><ParentKeyID>1</ParentKeyID><KeyBytes>8BBC6AA5D57F903DDC52E07F3C9AAF6BA26088D10E9866AC8F0E753DFBB62AA8</KeyBytes><IVBytes>7DA6A5FFFC8EB3A6424FB35E0FB580ED782EB4AB08E5F64CF9B929092020FB4E</IVBytes><CheckValue>19E12C581CB2017EC048FE7D03219C2A4B9482F247FE996C78250E7AC72C17245F458F7BE72B318734E1C30B60EC306235D71F172FF5856FC65EEC0E4A0A6E96</CheckValue><CreationDate>2017-01-06</CreationDate></KeyRecord><KeyRecord><KeyID>108</KeyID><CategoryID>105</CategoryID><ParentKeyID>107</ParentKeyID><KeyBytes>E5A76B14F889DEFDCE1956BF435A3E1CADA7A9C39862E547E11B619DE221BB02</KeyBytes><IVBytes>36E56B8B4767F6682BBB22752CB9B569B679AF6EAEAE6691BE24B649B2E25D74</IVBytes><CheckValue>ECF362E4D242E4AF5933467CE6E983F97EDB1C674BB09A9917FD59DB90D383959A12B635FDFFBCD6E18D0795DC1892C6B6E92E2228D9D443784C0ACA718877A6</CheckValue><CreationDate>2017-01-06</CreationDate></KeyRecord></Keys><CurrentDEKs><CurrentDEKRecord><CategoryID>102</CategoryID><KeyID>102</KeyID></CurrentDEKRecord><CurrentDEKRecord><CategoryID>103</CategoryID><KeyID>104</KeyID></CurrentDEKRecord><CurrentDEKRecord><CategoryID>104</CategoryID><KeyID>106</KeyID></CurrentDEKRecord><CurrentDEKRecord><CategoryID>105</CategoryID><KeyID>108</KeyID></CurrentDEKRecord></CurrentDEKs></KMS>
